[
 {
  "Branch": "18469: ราไวย์บีช",
  "Product_Code": 6200451,
  "Product": "ครัวซองต์",
  "Forecast": 14,
  "Optimal_Production": 14,
  "Adjustment": "+5.0%",
  "Reasoning": "Acc:74%, Waste:6.7%, Shelf:2d",
  "Shelf_Life_Days": 2,
  "Waste_Rate": 6.712544260416631
 },
 {
  "Branch": "18469: ราไวย์บีช",
  "Product_Code": 6200200,
  "Product": "คุกกี้เนย",
  "Forecast": 12,
  "Optimal_Production": 12,
  "Adjustment": "+5.0%",
  "Reasoning": "Acc:76%, Waste:5.4%, Shelf:2d",
  "Shelf_Life_Days": 2,
  "Waste_Rate": 5.352359786352531
 },
 {
  "Branch": "18469: ราไวย์บีช",
  "Product_Code": 6200130,
  "Product": "มัฟฟิน",
  "Forecast": 4,
  "Optimal_Production": 4,
  "Adjustment": "+5.0%",
  "Reasoning": "Acc:71%, Waste:4.4%, Shelf:2d",
  "Shelf_Life_Days": 2,
  "Waste_Rate": 4.395859273338682
 },
 {
  "Branch": "18469: ราไวย์บีช",
  "Product_Code": 6200201,
  "Product": "เค้กไข่ไต้หวัน",
  "Forecast": 8,
  "Optimal_Production": 8,
  "Adjustment": "+5.0%",
  "Reasoning": "Acc:82%, Waste:9.2%, Shelf:2d",
  "Shelf_Life_Days": 2,
  "Waste_Rate": 9.190930576328405
 },
 {
  "Branch": "18469: ราไวย์บีช",
  "Product_Code": 6200113,
  "Product": "ขนมปังปอนด์",
  "Forecast": 7,
  "Optimal_Production": 7,
  "Adjustment": "+5.0%",
  "Reasoning": "Acc:77%, Waste:7.3%, Shelf:2d",
  "Shelf_Life_Days": 2,
  "Waste_Rate": 7.272476526277083
 },
 {
  "Branch": "14555: KARON  AVENUE",
  "Product_Code": 6200451,
  "Product": "ครัวซองต์",
  "Forecast": 4,
  "Optimal_Production": 4,
  "Adjustment": "+10.0%",
  "Reasoning": "Acc:63%, Waste:6.7%, Shelf:2d",
  "Shelf_Life_Days": 2,
  "Waste_Rate": 6.712544260416631
 },
 {
  "Branch": "14555: KARON  AVENUE",
  "Product_Code": 6200200,
  "Product": "คุกกี้เนย",
  "Forecast": 2,
  "Optimal_Production": 2,
  "Adjustment": "+15.0%",
  "Reasoning": "Acc:40%, Waste:5.4%, Shelf:2d",
  "Shelf_Life_Days": 2,
  "Waste_Rate": 5.352359786352531
 },
 {
  "Branch": "14555: KARON  AVENUE",
  "Product_Code": 6200130,
  "Product": "มัฟฟิน",
  "Forecast": 4,
  "Optimal_Production": 4,
  "Adjustment": "+10.0%",
  "Reasoning": "Acc:68%, Waste:4.4%, Shelf:2d",
  "Shelf_Life_Days": 2,
  "Waste_Rate": 4.395859273338682
 },
 {
  "Branch": "14555: KARON  AVENUE",
  "Product_Code": 6200201,
  "Product": "เค้กไข่ไต้หวัน",
  "Forecast": 2,
  "Optimal_Production": 2,
  "Adjustment": "+10.0%",
  "Reasoning": "Acc:60%, Waste:9.2%, Shelf:2d",
  "Shelf_Life_Days": 2,
  "Waste_Rate": 9.190930576328405
 },
 {
  "Branch": "14555: KARON  AVENUE",
  "Product_Code": 6200113,
  "Product": "ขนมปังปอนด์",
  "Forecast": 2,
  "Optimal_Production": 2,
  "Adjustment": "+10.0%",
  "Reasoning": "Acc:63%, Waste:7.3%, Shelf:2d",
  "Shelf_Life_Days": 2,
  "Waste_Rate": 7.272476526277083
 },
 {
  "Branch": "15757: The Bliss South Beach Patong",
  "Product_Code": 6200451,
  "Product": "ครัวซองต์",
  "Forecast": 14,
  "Optimal_Production": 15,
  "Adjustment": "+10.0%",
  "Reasoning": "Acc:68%, Waste:6.7%, Shelf:2d",
  "Shelf_Life_Days": 2,
  "Waste_Rate": 6.712544260416631
 },
 {
  "Branch": "15757: The Bliss South Beach Patong",
  "Product_Code": 6200200,
  "Product": "คุกกี้เนย",
  "Forecast": 5,
  "Optimal_Production": 5,
  "Adjustment": "+5.0%",
  "Reasoning": "Acc:71%, Waste:5.4%, Shelf:2d",
  "Shelf_Life_Days": 2,
  "Waste_Rate": 5.352359786352531
 },
 {
  "Branch": "15757: The Bliss South Beach Patong",
  "Product_Code": 6200130,
  "Product": "มัฟฟิน",
  "Forecast": 7,
  "Optimal_Production": 7,
  "Adjustment": "+5.0%",
  "Reasoning": "Acc:77%, Waste:4.4%, Shelf:2d",
  "Shelf_Life_Days": 2,
  "Waste_Rate": 4.395859273338682
 },
 {
  "Branch": "15757: The Bliss South Beach Patong",
  "Product_Code": 6200201,
  "Product": "เค้กไข่ไต้หวัน",
  "Forecast": 6,
  "Optimal_Production": 6,
  "Adjustment": "+10.0%",
  "Reasoning": "Acc:52%, Waste:9.2%, Shelf:2d",
  "Shelf_Life_Days": 2,
  "Waste_Rate": 9.190930576328405
 },
 {
  "Branch": "15757: The Bliss South Beach Patong",
  "Product_Code": 6200113,
  "Product": "ขนมปังปอนด์",
  "Forecast": 8,
  "Optimal_Production": 8,
  "Adjustment": "+5.0%",
  "Reasoning": "Acc:77%, Waste:7.3%, Shelf:2d",
  "Shelf_Life_Days": 2,
  "Waste_Rate": 7.272476526277083
 },
 {
  "Branch": "9641: หมู่บ้านฉลองสุข",
  "Product_Code": 6200451,
  "Product": "ครัวซองต์",
  "Forecast": 8,
  "Optimal_Production": 8,
  "Adjustment": "+10.0%",
  "Reasoning": "Acc:52%, Waste:6.7%, Shelf:2d",
  "Shelf_Life_Days": 2,
  "Waste_Rate": 6.712544260416631
 },
 {
  "Branch": "9641: หมู่บ้านฉลองสุข",
  "Product_Code": 6200200,
  "Product": "คุกกี้เนย",
  "Forecast": 2,
  "Optimal_Production": 2,
  "Adjustment": "+10.0%",
  "Reasoning": "Acc:54%, Waste:5.4%, Shelf:2d",
  "Shelf_Life_Days": 2,
  "Waste_Rate": 5.352359786352531
 },
 {
  "Branch": "9641: หมู่บ้านฉลองสุข",
  "Product_Code": 6200130,
  "Product": "มัฟฟิน",
  "Forecast": 5,
  "Optimal_Production": 5,
  "Adjustment": "+5.0%",
  "Reasoning": "Acc:77%, Waste:4.4%, Shelf:2d",
  "Shelf_Life_Days": 2,
  "Waste_Rate": 4.395859273338682
 },
 {
  "Branch": "9641: หมู่บ้านฉลองสุข",
  "Product_Code": 6200201,
  "Product": "เค้กไข่ไต้หวัน",
  "Forecast": 1,
  "Optimal_Production": 1,
  "Adjustment": "+15.0%",
  "Reasoning": "Acc:46%, Waste:9.2%, Shelf:2d",
  "Shelf_Life_Days": 2,
  "Waste_Rate": 9.190930576328405
 },
 {
  "Branch": "9641: หมู่บ้านฉลองสุข",
  "Product_Code": 6200113,
  "Product": "ขนมปังปอนด์",
  "Forecast": 6,
  "Optimal_Production": 6,
  "Adjustment": "+10.0%",
  "Reasoning": "Acc:67%, Waste:7.3%, Shelf:2d",
  "Shelf_Life_Days": 2,
  "Waste_Rate": 7.272476526277083
 },
 {
  "Branch": "3510: ชายหาดกมลา 1",
  "Product_Code": 6200451,
  "Product": "ครัวซองต์",
  "Forecast": 9,
  "Optimal_Production": 9,
  "Adjustment": "+5.0%",
  "Reasoning": "Acc:89%, Waste:6.7%, Shelf:2d",
  "Shelf_Life_Days": 2,
  "Waste_Rate": 6.712544260416631
 },
 {
  "Branch": "3510: ชายหาดกมลา 1",
  "Product_Code": 6200200,
  "Product": "คุกกี้เนย",
  "Forecast": 4,
  "Optimal_Production": 4,
  "Adjustment": "+5.0%",
  "Reasoning": "Acc:79%, Waste:5.4%, Shelf:2d",
  "Shelf_Life_Days": 2,
  "Waste_Rate": 5.352359786352531
 },
 {
  "Branch": "3510: ชายหาดกมลา 1",
  "Product_Code": 6200130,
  "Product": "มัฟฟิน",
  "Forecast": 5,
  "Optimal_Production": 5,
  "Adjustment": "+5.0%",
  "Reasoning": "Acc:84%, Waste:4.4%, Shelf:2d",
  "Shelf_Life_Days": 2,
  "Waste_Rate": 4.395859273338682
 },
 {
  "Branch": "3510: ชายหาดกมลา 1",
  "Product_Code": 6200201,
  "Product": "เค้กไข่ไต้หวัน",
  "Forecast": 4,
  "Optimal_Production": 4,
  "Adjustment": "+5.0%",
  "Reasoning": "Acc:78%, Waste:9.2%, Shelf:2d",
  "Shelf_Life_Days": 2,
  "Waste_Rate": 9.190930576328405
 },
 {
  "Branch": "3510: ชายหาดกมลา 1",
  "Product_Code": 6200113,
  "Product": "ขนมปังปอนด์",
  "Forecast": 6,
  "Optimal_Production": 6,
  "Adjustment": "+5.0%",
  "Reasoning": "Acc:79%, Waste:7.3%, Shelf:2d",
  "Shelf_Life_Days": 2,
  "Waste_Rate": 7.272476526277083
 },
 {
  "Branch": "13391: ถนนเสน่หานุสรณ์",
  "Product_Code": 6200451,
  "Product": "ครัวซองต์",
  "Forecast": 9,
  "Optimal_Production": 10,
  "Adjustment": "+15.0%",
  "Reasoning": "Acc:47%, Waste:6.7%, Shelf:2d",
  "Shelf_Life_Days": 2,
  "Waste_Rate": 6.712544260416631
 },
 {
  "Branch": "13391: ถนนเสน่หานุสรณ์",
  "Product_Code": 6200200,
  "Product": "คุกกี้เนย",
  "Forecast": 6,
  "Optimal_Production": 6,
  "Adjustment": "+10.0%",
  "Reasoning": "Acc:61%, Waste:5.4%, Shelf:2d",
  "Shelf_Life_Days": 2,
  "Waste_Rate": 5.352359786352531
 },
 {
  "Branch": "13391: ถนนเสน่หานุสรณ์",
  "Product_Code": 6200130,
  "Product": "มัฟฟิน",
  "Forecast": 10,
  "Optimal_Production": 11,
  "Adjustment": "+10.0%",
  "Reasoning": "Acc:68%, Waste:4.4%, Shelf:2d",
  "Shelf_Life_Days": 2,
  "Waste_Rate": 4.395859273338682
 },
 {
  "Branch": "13391: ถนนเสน่หานุสรณ์",
  "Product_Code": 6200201,
  "Product": "เค้กไข่ไต้หวัน",
  "Forecast": 6,
  "Optimal_Production": 6,
  "Adjustment": "+10.0%",
  "Reasoning": "Acc:58%, Waste:9.2%, Shelf:2d",
  "Shelf_Life_Days": 2,
  "Waste_Rate": 9.190930576328405
 },
 {
  "Branch": "13391: ถนนเสน่หานุสรณ์",
  "Product_Code": 6200113,
  "Product": "ขนมปังปอนด์",
  "Forecast": 5,
  "Optimal_Production": 5,
  "Adjustment": "+10.0%",
  "Reasoning": "Acc:55%, Waste:7.3%, Shelf:2d",
  "Shelf_Life_Days": 2,
  "Waste_Rate": 7.272476526277083
 },
 {
  "Branch": "9922: ศรีสุดา",
  "Product_Code": 6200451,
  "Product": "ครัวซองต์",
  "Forecast": 5,
  "Optimal_Production": 5,
  "Adjustment": "+15.0%",
  "Reasoning": "Acc:44%, Waste:6.7%, Shelf:2d",
  "Shelf_Life_Days": 2,
  "Waste_Rate": 6.712544260416631
 },
 {
  "Branch": "9922: ศรีสุดา",
  "Product_Code": 6200200,
  "Product": "คุกกี้เนย",
  "Forecast": 3,
  "Optimal_Production": 3,
  "Adjustment": "+5.0%",
  "Reasoning": "Acc:74%, Waste:5.4%, Shelf:2d",
  "Shelf_Life_Days": 2,
  "Waste_Rate": 5.352359786352531
 },
 {
  "Branch": "9922: ศรีสุดา",
  "Product_Code": 6200130,
  "Product": "มัฟฟิน",
  "Forecast": 26,
  "Optimal_Production": 27,
  "Adjustment": "+5.0%",
  "Reasoning": "Acc:82%, Waste:4.4%, Shelf:2d",
  "Shelf_Life_Days": 2,
  "Waste_Rate": 4.395859273338682
 },
 {
  "Branch": "9922: ศรีสุดา",
  "Product_Code": 6200201,
  "Product": "เค้กไข่ไต้หวัน",
  "Forecast": 3,
  "Optimal_Production": 3,
  "Adjustment": "+10.0%",
  "Reasoning": "Acc:61%, Waste:9.2%, Shelf:2d",
  "Shelf_Life_Days": 2,
  "Waste_Rate": 9.190930576328405
 },
 {
  "Branch": "9922: ศรีสุดา",
  "Product_Code": 6200113,
  "Product": "ขนมปังปอนด์",
  "Forecast": 3,
  "Optimal_Production": 3,
  "Adjustment": "+10.0%",
  "Reasoning": "Acc:66%, Waste:7.3%, Shelf:2d",
  "Shelf_Life_Days": 2,
  "Waste_Rate": 7.272476526277083
 },
 {
  "Branch": "11045: พรุฉิมพลี ซอย 1",
  "Product_Code": 6200451,
  "Product": "ครัวซองต์",
  "Forecast": 6,
  "Optimal_Production": 6,
  "Adjustment": "+10.0%",
  "Reasoning": "Acc:52%, Waste:6.7%, Shelf:2d",
  "Shelf_Life_Days": 2,
  "Waste_Rate": 6.712544260416631
 },
 {
  "Branch": "11045: พรุฉิมพลี ซอย 1",
  "Product_Code": 6200200,
  "Product": "คุกกี้เนย",
  "Forecast": 2,
  "Optimal_Production": 2,
  "Adjustment": "+10.0%",
  "Reasoning": "Acc:56%, Waste:5.4%, Shelf:2d",
  "Shelf_Life_Days": 2,
  "Waste_Rate": 5.352359786352531
 },
 {
  "Branch": "11045: พรุฉิมพลี ซอย 1",
  "Product_Code": 6200130,
  "Product": "มัฟฟิน",
  "Forecast": 9,
  "Optimal_Production": 9,
  "Adjustment": "+5.0%",
  "Reasoning": "Acc:74%, Waste:4.4%, Shelf:2d",
  "Shelf_Life_Days": 2,
  "Waste_Rate": 4.395859273338682
 },
 {
  "Branch": "11045: พรุฉิมพลี ซอย 1",
  "Product_Code": 6200201,
  "Product": "เค้กไข่ไต้หวัน",
  "Forecast": 2,
  "Optimal_Production": 2,
  "Adjustment": "+10.0%",
  "Reasoning": "Acc:54%, Waste:9.2%, Shelf:2d",
  "Shelf_Life_Days": 2,
  "Waste_Rate": 9.190930576328405
 },
 {
  "Branch": "11045: พรุฉิมพลี ซอย 1",
  "Product_Code": 6200113,
  "Product": "ขนมปังปอนด์",
  "Forecast": 5,
  "Optimal_Production": 5,
  "Adjustment": "+15.0%",
  "Reasoning": "Acc:48%, Waste:7.3%, Shelf:2d",
  "Shelf_Life_Days": 2,
  "Waste_Rate": 7.272476526277083
 },
 {
  "Branch": "2392: บ้านอ่าวนาง",
  "Product_Code": 6200451,
  "Product": "ครัวซองต์",
  "Forecast": 10,
  "Optimal_Production": 10,
  "Adjustment": "+5.0%",
  "Reasoning": "Acc:74%, Waste:6.7%, Shelf:2d",
  "Shelf_Life_Days": 2,
  "Waste_Rate": 6.712544260416631
 },
 {
  "Branch": "2392: บ้านอ่าวนาง",
  "Product_Code": 6200200,
  "Product": "คุกกี้เนย",
  "Forecast": 5,
  "Optimal_Production": 5,
  "Adjustment": "+5.0%",
  "Reasoning": "Acc:73%, Waste:5.4%, Shelf:2d",
  "Shelf_Life_Days": 2,
  "Waste_Rate": 5.352359786352531
 },
 {
  "Branch": "2392: บ้านอ่าวนาง",
  "Product_Code": 6200130,
  "Product": "มัฟฟิน",
  "Forecast": 7,
  "Optimal_Production": 7,
  "Adjustment": "+10.0%",
  "Reasoning": "Acc:63%, Waste:4.4%, Shelf:2d",
  "Shelf_Life_Days": 2,
  "Waste_Rate": 4.395859273338682
 },
 {
  "Branch": "2392: บ้านอ่าวนาง",
  "Product_Code": 6200201,
  "Product": "เค้กไข่ไต้หวัน",
  "Forecast": 3,
  "Optimal_Production": 3,
  "Adjustment": "+10.0%",
  "Reasoning": "Acc:59%, Waste:9.2%, Shelf:2d",
  "Shelf_Life_Days": 2,
  "Waste_Rate": 9.190930576328405
 },
 {
  "Branch": "2392: บ้านอ่าวนาง",
  "Product_Code": 6200113,
  "Product": "ขนมปังปอนด์",
  "Forecast": 3,
  "Optimal_Production": 3,
  "Adjustment": "+15.0%",
  "Reasoning": "Acc:29%, Waste:7.3%, Shelf:2d",
  "Shelf_Life_Days": 2,
  "Waste_Rate": 7.272476526277083
 },
 {
  "Branch": "13088: ร้านค้าสวัสดิการ รพ.ค่ายวชิราวุธ",
  "Product_Code": 6200451,
  "Product": "ครัวซองต์",
  "Forecast": 2,
  "Optimal_Production": 2,
  "Adjustment": "+15.0%",
  "Reasoning": "Acc:0%, Waste:6.7%, Shelf:2d",
  "Shelf_Life_Days": 2,
  "Waste_Rate": 6.712544260416631
 },
 {
  "Branch": "13088: ร้านค้าสวัสดิการ รพ.ค่ายวชิราวุธ",
  "Product_Code": 6200200,
  "Product": "คุกกี้เนย",
  "Forecast": 4,
  "Optimal_Production": 4,
  "Adjustment": "+15.0%",
  "Reasoning": "Acc:0%, Waste:5.4%, Shelf:2d",
  "Shelf_Life_Days": 2,
  "Waste_Rate": 5.352359786352531
 },
 {
  "Branch": "13088: ร้านค้าสวัสดิการ รพ.ค่ายวชิราวุธ",
  "Product_Code": 6200130,
  "Product": "มัฟฟิน",
  "Forecast": 6,
  "Optimal_Production": 6,
  "Adjustment": "+10.0%",
  "Reasoning": "Acc:66%, Waste:4.4%, Shelf:2d",
  "Shelf_Life_Days": 2,
  "Waste_Rate": 4.395859273338682
 },
 {
  "Branch": "13088: ร้านค้าสวัสดิการ รพ.ค่ายวชิราวุธ",
  "Product_Code": 6200201,
  "Product": "เค้กไข่ไต้หวัน",
  "Forecast": 4,
  "Optimal_Production": 4,
  "Adjustment": "+15.0%",
  "Reasoning": "Acc:4%, Waste:9.2%, Shelf:2d",
  "Shelf_Life_Days": 2,
  "Waste_Rate": 9.190930576328405
 },
 {
  "Branch": "13088: ร้านค้าสวัสดิการ รพ.ค่ายวชิราวุธ",
  "Product_Code": 6200113,
  "Product": "ขนมปังปอนด์",
  "Forecast": 3,
  "Optimal_Production": 3,
  "Adjustment": "+5.0%",
  "Reasoning": "Acc:71%, Waste:7.3%, Shelf:2d",
  "Shelf_Life_Days": 2,
  "Waste_Rate": 7.272476526277083
 },
 {
  "Branch": "18438: สามแยกปิ่นเกลียว (นครปฐม)",
  "Product_Code": 6200451,
  "Product": "ครัวซองต์",
  "Forecast": 5,
  "Optimal_Production": 5,
  "Adjustment": "+15.0%",
  "Reasoning": "Acc:44%, Waste:6.7%, Shelf:2d",
  "Shelf_Life_Days": 2,
  "Waste_Rate": 6.712544260416631
 },
 {
  "Branch": "18438: สามแยกปิ่นเกลียว (นครปฐม)",
  "Product_Code": 6200200,
  "Product": "คุกกี้เนย",
  "Forecast": 1,
  "Optimal_Production": 1,
  "Adjustment": "+15.0%",
  "Reasoning": "Acc:48%, Waste:5.4%, Shelf:2d",
  "Shelf_Life_Days": 2,
  "Waste_Rate": 5.352359786352531
 },
 {
  "Branch": "18438: สามแยกปิ่นเกลียว (นครปฐม)",
  "Product_Code": 6200130,
  "Product": "มัฟฟิน",
  "Forecast": 9,
  "Optimal_Production": 9,
  "Adjustment": "+10.0%",
  "Reasoning": "Acc:69%, Waste:4.4%, Shelf:2d",
  "Shelf_Life_Days": 2,
  "Waste_Rate": 4.395859273338682
 },
 {
  "Branch": "18438: สามแยกปิ่นเกลียว (นครปฐม)",
  "Product_Code": 6200201,
  "Product": "เค้กไข่ไต้หวัน",
  "Forecast": 1,
  "Optimal_Production": 1,
  "Adjustment": "+15.0%",
  "Reasoning": "Acc:48%, Waste:9.2%, Shelf:2d",
  "Shelf_Life_Days": 2,
  "Waste_Rate": 9.190930576328405
 },
 {
  "Branch": "18438: สามแยกปิ่นเกลียว (นครปฐม)",
  "Product_Code": 6200113,
  "Product": "ขนมปังปอนด์",
  "Forecast": 1,
  "Optimal_Production": 1,
  "Adjustment": "+15.0%",
  "Reasoning": "Acc:50%, Waste:7.3%, Shelf:2d",
  "Shelf_Life_Days": 2,
  "Waste_Rate": 7.272476526277083
 },
 {
  "Branch": "18926: เหมืองนาคา",
  "Product_Code": 6200451,
  "Product": "ครัวซองต์",
  "Forecast": 15,
  "Optimal_Production": 15,
  "Adjustment": "+5.0%",
  "Reasoning": "Acc:76%, Waste:6.7%, Shelf:2d",
  "Shelf_Life_Days": 2,
  "Waste_Rate": 6.712544260416631
 },
 {
  "Branch": "18926: เหมืองนาคา",
  "Product_Code": 6200200,
  "Product": "คุกกี้เนย",
  "Forecast": 13,
  "Optimal_Production": 13,
  "Adjustment": "+5.0%",
  "Reasoning": "Acc:76%, Waste:5.4%, Shelf:2d",
  "Shelf_Life_Days": 2,
  "Waste_Rate": 5.352359786352531
 },
 {
  "Branch": "18926: เหมืองนาคา",
  "Product_Code": 6200130,
  "Product": "มัฟฟิน",
  "Forecast": 5,
  "Optimal_Production": 5,
  "Adjustment": "+15.0%",
  "Reasoning": "Acc:32%, Waste:4.4%, Shelf:2d",
  "Shelf_Life_Days": 2,
  "Waste_Rate": 4.395859273338682
 },
 {
  "Branch": "18926: เหมืองนาคา",
  "Product_Code": 6200201,
  "Product": "เค้กไข่ไต้หวัน",
  "Forecast": 14,
  "Optimal_Production": 16,
  "Adjustment": "+15.0%",
  "Reasoning": "Acc:41%, Waste:9.2%, Shelf:2d",
  "Shelf_Life_Days": 2,
  "Waste_Rate": 9.190930576328405
 },
 {
  "Branch": "18926: เหมืองนาคา",
  "Product_Code": 6200113,
  "Product": "ขนมปังปอนด์",
  "Forecast": 11,
  "Optimal_Production": 11,
  "Adjustment": "+5.0%",
  "Reasoning": "Acc:80%, Waste:7.3%, Shelf:2d",
  "Shelf_Life_Days": 2,
  "Waste_Rate": 7.272476526277083
 },
 {
  "Branch": "15271: ถนนกะโรม",
  "Product_Code": 6200451,
  "Product": "ครัวซองต์",
  "Forecast": 3,
  "Optimal_Production": 3,
  "Adjustment": "+15.0%",
  "Reasoning": "Acc:5%, Waste:6.7%, Shelf:2d",
  "Shelf_Life_Days": 2,
  "Waste_Rate": 6.712544260416631
 },
 {
  "Branch": "15271: ถนนกะโรม",
  "Product_Code": 6200200,
  "Product": "คุกกี้เนย",
  "Forecast": 3,
  "Optimal_Production": 3,
  "Adjustment": "+15.0%",
  "Reasoning": "Acc:22%, Waste:5.4%, Shelf:2d",
  "Shelf_Life_Days": 2,
  "Waste_Rate": 5.352359786352531
 },
 {
  "Branch": "15271: ถนนกะโรม",
  "Product_Code": 6200130,
  "Product": "มัฟฟิน",
  "Forecast": 3,
  "Optimal_Production": 3,
  "Adjustment": "+10.0%",
  "Reasoning": "Acc:57%, Waste:4.4%, Shelf:2d",
  "Shelf_Life_Days": 2,
  "Waste_Rate": 4.395859273338682
 },
 {
  "Branch": "15271: ถนนกะโรม",
  "Product_Code": 6200201,
  "Product": "เค้กไข่ไต้หวัน",
  "Forecast": 10,
  "Optimal_Production": 11,
  "Adjustment": "+15.0%",
  "Reasoning": "Acc:0%, Waste:9.2%, Shelf:2d",
  "Shelf_Life_Days": 2,
  "Waste_Rate": 9.190930576328405
 },
 {
  "Branch": "15271: ถนนกะโรม",
  "Product_Code": 6200113,
  "Product": "ขนมปังปอนด์",
  "Forecast": 2,
  "Optimal_Production": 2,
  "Adjustment": "+10.0%",
  "Reasoning": "Acc:70%, Waste:7.3%, Shelf:2d",
  "Shelf_Life_Days": 2,
  "Waste_Rate": 7.272476526277083
 },
 {
  "Branch": "2530: เกาะยาว",
  "Product_Code": 6200451,
  "Product": "ครัวซองต์",
  "Forecast": 10,
  "Optimal_Production": 10,
  "Adjustment": "+5.0%",
  "Reasoning": "Acc:72%, Waste:6.7%, Shelf:2d",
  "Shelf_Life_Days": 2,
  "Waste_Rate": 6.712544260416631
 },
 {
  "Branch": "2530: เกาะยาว",
  "Product_Code": 6200200,
  "Product": "คุกกี้เนย",
  "Forecast": 2,
  "Optimal_Production": 2,
  "Adjustment": "+10.0%",
  "Reasoning": "Acc:60%, Waste:5.4%, Shelf:2d",
  "Shelf_Life_Days": 2,
  "Waste_Rate": 5.352359786352531
 },
 {
  "Branch": "2530: เกาะยาว",
  "Product_Code": 6200130,
  "Product": "มัฟฟิน",
  "Forecast": 8,
  "Optimal_Production": 8,
  "Adjustment": "+10.0%",
  "Reasoning": "Acc:65%, Waste:4.4%, Shelf:2d",
  "Shelf_Life_Days": 2,
  "Waste_Rate": 4.395859273338682
 },
 {
  "Branch": "2530: เกาะยาว",
  "Product_Code": 6200201,
  "Product": "เค้กไข่ไต้หวัน",
  "Forecast": 3,
  "Optimal_Production": 3,
  "Adjustment": "+10.0%",
  "Reasoning": "Acc:67%, Waste:9.2%, Shelf:2d",
  "Shelf_Life_Days": 2,
  "Waste_Rate": 9.190930576328405
 },
 {
  "Branch": "2530: เกาะยาว",
  "Product_Code": 6200113,
  "Product": "ขนมปังปอนด์",
  "Forecast": 1,
  "Optimal_Production": 1,
  "Adjustment": "+15.0%",
  "Reasoning": "Acc:20%, Waste:7.3%, Shelf:2d",
  "Shelf_Life_Days": 2,
  "Waste_Rate": 7.272476526277083
 },
 {
  "Branch": "6266: บขส.ระนอง",
  "Product_Code": 6200451,
  "Product": "ครัวซองต์",
  "Forecast": 6,
  "Optimal_Production": 6,
  "Adjustment": "+10.0%",
  "Reasoning": "Acc:62%, Waste:6.7%, Shelf:2d",
  "Shelf_Life_Days": 2,
  "Waste_Rate": 6.712544260416631
 },
 {
  "Branch": "6266: บขส.ระนอง",
  "Product_Code": 6200200,
  "Product": "คุกกี้เนย",
  "Forecast": 3,
  "Optimal_Production": 3,
  "Adjustment": "+15.0%",
  "Reasoning": "Acc:50%, Waste:5.4%, Shelf:2d",
  "Shelf_Life_Days": 2,
  "Waste_Rate": 5.352359786352531
 },
 {
  "Branch": "6266: บขส.ระนอง",
  "Product_Code": 6200130,
  "Product": "มัฟฟิน",
  "Forecast": 5,
  "Optimal_Production": 5,
  "Adjustment": "+10.0%",
  "Reasoning": "Acc:69%, Waste:4.4%, Shelf:2d",
  "Shelf_Life_Days": 2,
  "Waste_Rate": 4.395859273338682
 },
 {
  "Branch": "6266: บขส.ระนอง",
  "Product_Code": 6200201,
  "Product": "เค้กไข่ไต้หวัน",
  "Forecast": 2,
  "Optimal_Production": 2,
  "Adjustment": "+10.0%",
  "Reasoning": "Acc:63%, Waste:9.2%, Shelf:2d",
  "Shelf_Life_Days": 2,
  "Waste_Rate": 9.190930576328405
 },
 {
  "Branch": "6266: บขส.ระนอง",
  "Product_Code": 6200113,
  "Product": "ขนมปังปอนด์",
  "Forecast": 6,
  "Optimal_Production": 6,
  "Adjustment": "+10.0%",
  "Reasoning": "Acc:64%, Waste:7.3%, Shelf:2d",
  "Shelf_Life_Days": 2,
  "Waste_Rate": 7.272476526277083
 },
 {
  "Branch": "18919: ตลาดอ่าวนาง",
  "Product_Code": 6200451,
  "Product": "ครัวซองต์",
  "Forecast": 8,
  "Optimal_Production": 9,
  "Adjustment": "+15.0%",
  "Reasoning": "Acc:48%, Waste:6.7%, Shelf:2d",
  "Shelf_Life_Days": 2,
  "Waste_Rate": 6.712544260416631
 },
 {
  "Branch": "18919: ตลาดอ่าวนาง",
  "Product_Code": 6200200,
  "Product": "คุกกี้เนย",
  "Forecast": 2,
  "Optimal_Production": 2,
  "Adjustment": "+10.0%",
  "Reasoning": "Acc:60%, Waste:5.4%, Shelf:2d",
  "Shelf_Life_Days": 2,
  "Waste_Rate": 5.352359786352531
 },
 {
  "Branch": "18919: ตลาดอ่าวนาง",
  "Product_Code": 6200130,
  "Product": "มัฟฟิน",
  "Forecast": 2,
  "Optimal_Production": 2,
  "Adjustment": "+15.0%",
  "Reasoning": "Acc:19%, Waste:4.4%, Shelf:2d",
  "Shelf_Life_Days": 2,
  "Waste_Rate": 4.395859273338682
 },
 {
  "Branch": "18919: ตลาดอ่าวนาง",
  "Product_Code": 6200201,
  "Product": "เค้กไข่ไต้หวัน",
  "Forecast": 2,
  "Optimal_Production": 2,
  "Adjustment": "+10.0%",
  "Reasoning": "Acc:51%, Waste:9.2%, Shelf:2d",
  "Shelf_Life_Days": 2,
  "Waste_Rate": 9.190930576328405
 },
 {
  "Branch": "18919: ตลาดอ่าวนาง",
  "Product_Code": 6200113,
  "Product": "ขนมปังปอนด์",
  "Forecast": 3,
  "Optimal_Production": 3,
  "Adjustment": "+10.0%",
  "Reasoning": "Acc:62%, Waste:7.3%, Shelf:2d",
  "Shelf_Life_Days": 2,
  "Waste_Rate": 7.272476526277083
 },
 {
  "Branch": "15007: PTTORสนามบินภูเก็ต",
  "Product_Code": 6200451,
  "Product": "ครัวซองต์",
  "Forecast": 5,
  "Optimal_Production": 5,
  "Adjustment": "+15.0%",
  "Reasoning": "Acc:44%, Waste:6.7%, Shelf:2d",
  "Shelf_Life_Days": 2,
  "Waste_Rate": 6.712544260416631
 },
 {
  "Branch": "15007: PTTORสนามบินภูเก็ต",
  "Product_Code": 6200200,
  "Product": "คุกกี้เนย",
  "Forecast": 6,
  "Optimal_Production": 6,
  "Adjustment": "+15.0%",
  "Reasoning": "Acc:47%, Waste:5.4%, Shelf:2d",
  "Shelf_Life_Days": 2,
  "Waste_Rate": 5.352359786352531
 },
 {
  "Branch": "15007: PTTORสนามบินภูเก็ต",
  "Product_Code": 6200130,
  "Product": "มัฟฟิน",
  "Forecast": 5,
  "Optimal_Production": 5,
  "Adjustment": "+5.0%",
  "Reasoning": "Acc:72%, Waste:4.4%, Shelf:2d",
  "Shelf_Life_Days": 2,
  "Waste_Rate": 4.395859273338682
 },
 {
  "Branch": "15007: PTTORสนามบินภูเก็ต",
  "Product_Code": 6200201,
  "Product": "เค้กไข่ไต้หวัน",
  "Forecast": 3,
  "Optimal_Production": 3,
  "Adjustment": "+10.0%",
  "Reasoning": "Acc:64%, Waste:9.2%, Shelf:2d",
  "Shelf_Life_Days": 2,
  "Waste_Rate": 9.190930576328405
 },
 {
  "Branch": "15007: PTTORสนามบินภูเก็ต",
  "Product_Code": 6200113,
  "Product": "ขนมปังปอนด์",
  "Forecast": 2,
  "Optimal_Production": 2,
  "Adjustment": "+5.0%",
  "Reasoning": "Acc:77%, Waste:7.3%, Shelf:2d",
  "Shelf_Life_Days": 2,
  "Waste_Rate": 7.272476526277083
 },
 {
  "Branch": "8732: ราชพฤกษ์ (บางพลับ )",
  "Product_Code": 6200451,
  "Product": "ครัวซองต์",
  "Forecast": 5,
  "Optimal_Production": 5,
  "Adjustment": "+10.0%",
  "Reasoning": "Acc:56%, Waste:6.7%, Shelf:2d",
  "Shelf_Life_Days": 2,
  "Waste_Rate": 6.712544260416631
 },
 {
  "Branch": "8732: ราชพฤกษ์ (บางพลับ )",
  "Product_Code": 6200200,
  "Product": "คุกกี้เนย",
  "Forecast": 5,
  "Optimal_Production": 5,
  "Adjustment": "+5.0%",
  "Reasoning": "Acc:78%, Waste:5.4%, Shelf:2d",
  "Shelf_Life_Days": 2,
  "Waste_Rate": 5.352359786352531
 },
 {
  "Branch": "8732: ราชพฤกษ์ (บางพลับ )",
  "Product_Code": 6200130,
  "Product": "มัฟฟิน",
  "Forecast": 4,
  "Optimal_Production": 4,
  "Adjustment": "+5.0%",
  "Reasoning": "Acc:74%, Waste:4.4%, Shelf:2d",
  "Shelf_Life_Days": 2,
  "Waste_Rate": 4.395859273338682
 },
 {
  "Branch": "8732: ราชพฤกษ์ (บางพลับ )",
  "Product_Code": 6200201,
  "Product": "เค้กไข่ไต้หวัน",
  "Forecast": 3,
  "Optimal_Production": 3,
  "Adjustment": "+10.0%",
  "Reasoning": "Acc:68%, Waste:9.2%, Shelf:2d",
  "Shelf_Life_Days": 2,
  "Waste_Rate": 9.190930576328405
 },
 {
  "Branch": "8732: ราชพฤกษ์ (บางพลับ )",
  "Product_Code": 6200113,
  "Product": "ขนมปังปอนด์",
  "Forecast": 3,
  "Optimal_Production": 3,
  "Adjustment": "+5.0%",
  "Reasoning": "Acc:76%, Waste:7.3%, Shelf:2d",
  "Shelf_Life_Days": 2,
  "Waste_Rate": 7.272476526277083
 },
 {
  "Branch": "10433: PTTOR ปาลัส 2",
  "Product_Code": 6200451,
  "Product": "ครัวซองต์",
  "Forecast": 26,
  "Optimal_Production": 29,
  "Adjustment": "+15.0%",
  "Reasoning": "Acc:44%, Waste:6.7%, Shelf:2d",
  "Shelf_Life_Days": 2,
  "Waste_Rate": 6.712544260416631
 },
 {
  "Branch": "10433: PTTOR ปาลัส 2",
  "Product_Code": 6200200,
  "Product": "คุกกี้เนย",
  "Forecast": 5,
  "Optimal_Production": 5,
  "Adjustment": "+10.0%",
  "Reasoning": "Acc:53%, Waste:5.4%, Shelf:2d",
  "Shelf_Life_Days": 2,
  "Waste_Rate": 5.352359786352531
 },
 {
  "Branch": "10433: PTTOR ปาลัส 2",
  "Product_Code": 6200130,
  "Product": "มัฟฟิน",
  "Forecast": 8,
  "Optimal_Production": 8,
  "Adjustment": "+10.0%",
  "Reasoning": "Acc:53%, Waste:4.4%, Shelf:2d",
  "Shelf_Life_Days": 2,
  "Waste_Rate": 4.395859273338682
 },
 {
  "Branch": "10433: PTTOR ปาลัส 2",
  "Product_Code": 6200201,
  "Product": "เค้กไข่ไต้หวัน",
  "Forecast": 7,
  "Optimal_Production": 7,
  "Adjustment": "+10.0%",
  "Reasoning": "Acc:56%, Waste:9.2%, Shelf:2d",
  "Shelf_Life_Days": 2,
  "Waste_Rate": 9.190930576328405
 },
 {
  "Branch": "10433: PTTOR ปาลัส 2",
  "Product_Code": 6200113,
  "Product": "ขนมปังปอนด์",
  "Forecast": 8,
  "Optimal_Production": 8,
  "Adjustment": "+10.0%",
  "Reasoning": "Acc:52%, Waste:7.3%, Shelf:2d",
  "Shelf_Life_Days": 2,
  "Waste_Rate": 7.272476526277083
 },
 {
  "Branch": "4727: นพรัตน์ธานี",
  "Product_Code": 6200451,
  "Product": "ครัวซองต์",
  "Forecast": 4,
  "Optimal_Production": 4,
  "Adjustment": "+15.0%",
  "Reasoning": "Acc:42%, Waste:6.7%, Shelf:2d",
  "Shelf_Life_Days": 2,
  "Waste_Rate": 6.712544260416631
 },
 {
  "Branch": "4727: นพรัตน์ธานี",
  "Product_Code": 6200200,
  "Product": "คุกกี้เนย",
  "Forecast": 2,
  "Optimal_Production": 2,
  "Adjustment": "+5.0%",
  "Reasoning": "Acc:75%, Waste:5.4%, Shelf:2d",
  "Shelf_Life_Days": 2,
  "Waste_Rate": 5.352359786352531
 },
 {
  "Branch": "4727: นพรัตน์ธานี",
  "Product_Code": 6200130,
  "Product": "มัฟฟิน",
  "Forecast": 8,
  "Optimal_Production": 8,
  "Adjustment": "+10.0%",
  "Reasoning": "Acc:56%, Waste:4.4%, Shelf:2d",
  "Shelf_Life_Days": 2,
  "Waste_Rate": 4.395859273338682
 },
 {
  "Branch": "4727: นพรัตน์ธานี",
  "Product_Code": 6200201,
  "Product": "เค้กไข่ไต้หวัน",
  "Forecast": 2,
  "Optimal_Production": 2,
  "Adjustment": "+5.0%",
  "Reasoning": "Acc:79%, Waste:9.2%, Shelf:2d",
  "Shelf_Life_Days": 2,
  "Waste_Rate": 9.190930576328405
 },
 {
  "Branch": "4727: นพรัตน์ธานี",
  "Product_Code": 6200113,
  "Product": "ขนมปังปอนด์",
  "Forecast": 2,
  "Optimal_Production": 2,
  "Adjustment": "+10.0%",
  "Reasoning": "Acc:60%, Waste:7.3%, Shelf:2d",
  "Shelf_Life_Days": 2,
  "Waste_Rate": 7.272476526277083
 },
 {
  "Branch": "18504: ตลาดนัดสามกอง",
  "Product_Code": 6200451,
  "Product": "ครัวซองต์",
  "Forecast": 5,
  "Optimal_Production": 5,
  "Adjustment": "+10.0%",
  "Reasoning": "Acc:62%, Waste:6.7%, Shelf:2d",
  "Shelf_Life_Days": 2,
  "Waste_Rate": 6.712544260416631
 },
 {
  "Branch": "18504: ตลาดนัดสามกอง",
  "Product_Code": 6200200,
  "Product": "คุกกี้เนย",
  "Forecast": 4,
  "Optimal_Production": 4,
  "Adjustment": "+5.0%",
  "Reasoning": "Acc:74%, Waste:5.4%, Shelf:2d",
  "Shelf_Life_Days": 2,
  "Waste_Rate": 5.352359786352531
 },
 {
  "Branch": "18504: ตลาดนัดสามกอง",
  "Product_Code": 6200130,
  "Product": "มัฟฟิน",
  "Forecast": 3,
  "Optimal_Production": 3,
  "Adjustment": "+5.0%",
  "Reasoning": "Acc:72%, Waste:4.4%, Shelf:2d",
  "Shelf_Life_Days": 2,
  "Waste_Rate": 4.395859273338682
 },
 {
  "Branch": "18504: ตลาดนัดสามกอง",
  "Product_Code": 6200201,
  "Product": "เค้กไข่ไต้หวัน",
  "Forecast": 2,
  "Optimal_Production": 2,
  "Adjustment": "+10.0%",
  "Reasoning": "Acc:70%, Waste:9.2%, Shelf:2d",
  "Shelf_Life_Days": 2,
  "Waste_Rate": 9.190930576328405
 },
 {
  "Branch": "18504: ตลาดนัดสามกอง",
  "Product_Code": 6200113,
  "Product": "ขนมปังปอนด์",
  "Forecast": 6,
  "Optimal_Production": 6,
  "Adjustment": "+5.0%",
  "Reasoning": "Acc:77%, Waste:7.3%, Shelf:2d",
  "Shelf_Life_Days": 2,
  "Waste_Rate": 7.272476526277083
 },
 {
  "Branch": "14305: ถนนคลองเรียน2",
  "Product_Code": 6200451,
  "Product": "ครัวซองต์",
  "Forecast": 2,
  "Optimal_Production": 2,
  "Adjustment": "+15.0%",
  "Reasoning": "Acc:46%, Waste:6.7%, Shelf:2d",
  "Shelf_Life_Days": 2,
  "Waste_Rate": 6.712544260416631
 },
 {
  "Branch": "14305: ถนนคลองเรียน2",
  "Product_Code": 6200200,
  "Product": "คุกกี้เนย",
  "Forecast": 2,
  "Optimal_Production": 2,
  "Adjustment": "+10.0%",
  "Reasoning": "Acc:68%, Waste:5.4%, Shelf:2d",
  "Shelf_Life_Days": 2,
  "Waste_Rate": 5.352359786352531
 },
 {
  "Branch": "14305: ถนนคลองเรียน2",
  "Product_Code": 6200130,
  "Product": "มัฟฟิน",
  "Forecast": 3,
  "Optimal_Production": 3,
  "Adjustment": "+10.0%",
  "Reasoning": "Acc:69%, Waste:4.4%, Shelf:2d",
  "Shelf_Life_Days": 2,
  "Waste_Rate": 4.395859273338682
 },
 {
  "Branch": "14305: ถนนคลองเรียน2",
  "Product_Code": 6200201,
  "Product": "เค้กไข่ไต้หวัน",
  "Forecast": 2,
  "Optimal_Production": 2,
  "Adjustment": "+10.0%",
  "Reasoning": "Acc:67%, Waste:9.2%, Shelf:2d",
  "Shelf_Life_Days": 2,
  "Waste_Rate": 9.190930576328405
 },
 {
  "Branch": "14305: ถนนคลองเรียน2",
  "Product_Code": 6200113,
  "Product": "ขนมปังปอนด์",
  "Forecast": 2,
  "Optimal_Production": 2,
  "Adjustment": "+15.0%",
  "Reasoning": "Acc:46%, Waste:7.3%, Shelf:2d",
  "Shelf_Life_Days": 2,
  "Waste_Rate": 7.272476526277083
 },
 {
  "Branch": "15316: ตลาดไฟฟ้า(นครชัยศรี)",
  "Product_Code": 6200451,
  "Product": "ครัวซองต์",
  "Forecast": 11,
  "Optimal_Production": 12,
  "Adjustment": "+10.0%",
  "Reasoning": "Acc:64%, Waste:6.7%, Shelf:2d",
  "Shelf_Life_Days": 2,
  "Waste_Rate": 6.712544260416631
 },
 {
  "Branch": "15316: ตลาดไฟฟ้า(นครชัยศรี)",
  "Product_Code": 6200200,
  "Product": "คุกกี้เนย",
  "Forecast": 3,
  "Optimal_Production": 3,
  "Adjustment": "+10.0%",
  "Reasoning": "Acc:61%, Waste:5.4%, Shelf:2d",
  "Shelf_Life_Days": 2,
  "Waste_Rate": 5.352359786352531
 },
 {
  "Branch": "15316: ตลาดไฟฟ้า(นครชัยศรี)",
  "Product_Code": 6200130,
  "Product": "มัฟฟิน",
  "Forecast": 9,
  "Optimal_Production": 9,
  "Adjustment": "+10.0%",
  "Reasoning": "Acc:65%, Waste:4.4%, Shelf:2d",
  "Shelf_Life_Days": 2,
  "Waste_Rate": 4.395859273338682
 },
 {
  "Branch": "15316: ตลาดไฟฟ้า(นครชัยศรี)",
  "Product_Code": 6200201,
  "Product": "เค้กไข่ไต้หวัน",
  "Forecast": 3,
  "Optimal_Production": 3,
  "Adjustment": "+10.0%",
  "Reasoning": "Acc:55%, Waste:9.2%, Shelf:2d",
  "Shelf_Life_Days": 2,
  "Waste_Rate": 9.190930576328405
 },
 {
  "Branch": "15316: ตลาดไฟฟ้า(นครชัยศรี)",
  "Product_Code": 6200113,
  "Product": "ขนมปังปอนด์",
  "Forecast": 3,
  "Optimal_Production": 3,
  "Adjustment": "+10.0%",
  "Reasoning": "Acc:59%, Waste:7.3%, Shelf:2d",
  "Shelf_Life_Days": 2,
  "Waste_Rate": 7.272476526277083
 },
 {
  "Branch": "6995: ชุมชนเก็ตโฮ่",
  "Product_Code": 6200451,
  "Product": "ครัวซองต์",
  "Forecast": 23,
  "Optimal_Production": 25,
  "Adjustment": "+10.0%",
  "Reasoning": "Acc:61%, Waste:6.7%, Shelf:2d",
  "Shelf_Life_Days": 2,
  "Waste_Rate": 6.712544260416631
 },
 {
  "Branch": "6995: ชุมชนเก็ตโฮ่",
  "Product_Code": 6200200,
  "Product": "คุกกี้เนย",
  "Forecast": 7,
  "Optimal_Production": 7,
  "Adjustment": "+10.0%",
  "Reasoning": "Acc:68%, Waste:5.4%, Shelf:2d",
  "Shelf_Life_Days": 2,
  "Waste_Rate": 5.352359786352531
 },
 {
  "Branch": "6995: ชุมชนเก็ตโฮ่",
  "Product_Code": 6200130,
  "Product": "มัฟฟิน",
  "Forecast": 11,
  "Optimal_Production": 11,
  "Adjustment": "+5.0%",
  "Reasoning": "Acc:83%, Waste:4.4%, Shelf:2d",
  "Shelf_Life_Days": 2,
  "Waste_Rate": 4.395859273338682
 },
 {
  "Branch": "6995: ชุมชนเก็ตโฮ่",
  "Product_Code": 6200201,
  "Product": "เค้กไข่ไต้หวัน",
  "Forecast": 3,
  "Optimal_Production": 3,
  "Adjustment": "+10.0%",
  "Reasoning": "Acc:69%, Waste:9.2%, Shelf:2d",
  "Shelf_Life_Days": 2,
  "Waste_Rate": 9.190930576328405
 },
 {
  "Branch": "6995: ชุมชนเก็ตโฮ่",
  "Product_Code": 6200113,
  "Product": "ขนมปังปอนด์",
  "Forecast": 7,
  "Optimal_Production": 8,
  "Adjustment": "+15.0%",
  "Reasoning": "Acc:46%, Waste:7.3%, Shelf:2d",
  "Shelf_Life_Days": 2,
  "Waste_Rate": 7.272476526277083
 },
 {
  "Branch": "11826: เรวดี 17",
  "Product_Code": 6200451,
  "Product": "ครัวซองต์",
  "Forecast": 5,
  "Optimal_Production": 5,
  "Adjustment": "+10.0%",
  "Reasoning": "Acc:62%, Waste:6.7%, Shelf:2d",
  "Shelf_Life_Days": 2,
  "Waste_Rate": 6.712544260416631
 },
 {
  "Branch": "11826: เรวดี 17",
  "Product_Code": 6200200,
  "Product": "คุกกี้เนย",
  "Forecast": 12,
  "Optimal_Production": 12,
  "Adjustment": "+5.0%",
  "Reasoning": "Acc:73%, Waste:5.4%, Shelf:2d",
  "Shelf_Life_Days": 2,
  "Waste_Rate": 5.352359786352531
 },
 {
  "Branch": "11826: เรวดี 17",
  "Product_Code": 6200130,
  "Product": "มัฟฟิน",
  "Forecast": 8,
  "Optimal_Production": 8,
  "Adjustment": "+5.0%",
  "Reasoning": "Acc:72%, Waste:4.4%, Shelf:2d",
  "Shelf_Life_Days": 2,
  "Waste_Rate": 4.395859273338682
 },
 {
  "Branch": "11826: เรวดี 17",
  "Product_Code": 6200201,
  "Product": "เค้กไข่ไต้หวัน",
  "Forecast": 2,
  "Optimal_Production": 2,
  "Adjustment": "+10.0%",
  "Reasoning": "Acc:54%, Waste:9.2%, Shelf:2d",
  "Shelf_Life_Days": 2,
  "Waste_Rate": 9.190930576328405
 },
 {
  "Branch": "11826: เรวดี 17",
  "Product_Code": 6200113,
  "Product": "ขนมปังปอนด์",
  "Forecast": 2,
  "Optimal_Production": 2,
  "Adjustment": "+10.0%",
  "Reasoning": "Acc:63%, Waste:7.3%, Shelf:2d",
  "Shelf_Life_Days": 2,
  "Waste_Rate": 7.272476526277083
 },
 {
  "Branch": "4498: เพชรเกษม 110 แยก 6",
  "Product_Code": 6200451,
  "Product": "ครัวซองต์",
  "Forecast": 6,
  "Optimal_Production": 6,
  "Adjustment": "+15.0%",
  "Reasoning": "Acc:46%, Waste:6.7%, Shelf:2d",
  "Shelf_Life_Days": 2,
  "Waste_Rate": 6.712544260416631
 },
 {
  "Branch": "4498: เพชรเกษม 110 แยก 6",
  "Product_Code": 6200200,
  "Product": "คุกกี้เนย",
  "Forecast": 7,
  "Optimal_Production": 7,
  "Adjustment": "+10.0%",
  "Reasoning": "Acc:53%, Waste:5.4%, Shelf:2d",
  "Shelf_Life_Days": 2,
  "Waste_Rate": 5.352359786352531
 },
 {
  "Branch": "4498: เพชรเกษม 110 แยก 6",
  "Product_Code": 6200130,
  "Product": "มัฟฟิน",
  "Forecast": 15,
  "Optimal_Production": 17,
  "Adjustment": "+15.0%",
  "Reasoning": "Acc:30%, Waste:4.4%, Shelf:2d",
  "Shelf_Life_Days": 2,
  "Waste_Rate": 4.395859273338682
 },
 {
  "Branch": "4498: เพชรเกษม 110 แยก 6",
  "Product_Code": 6200201,
  "Product": "เค้กไข่ไต้หวัน",
  "Forecast": 2,
  "Optimal_Production": 2,
  "Adjustment": "+10.0%",
  "Reasoning": "Acc:56%, Waste:9.2%, Shelf:2d",
  "Shelf_Life_Days": 2,
  "Waste_Rate": 9.190930576328405
 },
 {
  "Branch": "4498: เพชรเกษม 110 แยก 6",
  "Product_Code": 6200113,
  "Product": "ขนมปังปอนด์",
  "Forecast": 3,
  "Optimal_Production": 3,
  "Adjustment": "+10.0%",
  "Reasoning": "Acc:59%, Waste:7.3%, Shelf:2d",
  "Shelf_Life_Days": 2,
  "Waste_Rate": 7.272476526277083
 },
 {
  "Branch": "18229: หน้าโรงพยาบาลกระบุรี",
  "Product_Code": 6200451,
  "Product": "ครัวซองต์",
  "Forecast": 19,
  "Optimal_Production": 20,
  "Adjustment": "+10.0%",
  "Reasoning": "Acc:59%, Waste:6.7%, Shelf:2d",
  "Shelf_Life_Days": 2,
  "Waste_Rate": 6.712544260416631
 },
 {
  "Branch": "18229: หน้าโรงพยาบาลกระบุรี",
  "Product_Code": 6200200,
  "Product": "คุกกี้เนย",
  "Forecast": 2,
  "Optimal_Production": 2,
  "Adjustment": "+10.0%",
  "Reasoning": "Acc:52%, Waste:5.4%, Shelf:2d",
  "Shelf_Life_Days": 2,
  "Waste_Rate": 5.352359786352531
 },
 {
  "Branch": "18229: หน้าโรงพยาบาลกระบุรี",
  "Product_Code": 6200130,
  "Product": "มัฟฟิน",
  "Forecast": 3,
  "Optimal_Production": 3,
  "Adjustment": "+10.0%",
  "Reasoning": "Acc:69%, Waste:4.4%, Shelf:2d",
  "Shelf_Life_Days": 2,
  "Waste_Rate": 4.395859273338682
 },
 {
  "Branch": "18229: หน้าโรงพยาบาลกระบุรี",
  "Product_Code": 6200201,
  "Product": "เค้กไข่ไต้หวัน",
  "Forecast": 2,
  "Optimal_Production": 2,
  "Adjustment": "+10.0%",
  "Reasoning": "Acc:53%, Waste:9.2%, Shelf:2d",
  "Shelf_Life_Days": 2,
  "Waste_Rate": 9.190930576328405
 },
 {
  "Branch": "18229: หน้าโรงพยาบาลกระบุรี",
  "Product_Code": 6200113,
  "Product": "ขนมปังปอนด์",
  "Forecast": 2,
  "Optimal_Production": 2,
  "Adjustment": "+15.0%",
  "Reasoning": "Acc:48%, Waste:7.3%, Shelf:2d",
  "Shelf_Life_Days": 2,
  "Waste_Rate": 7.272476526277083
 },
 {
  "Branch": "14650: เขาหลัก Center",
  "Product_Code": 6200451,
  "Product": "ครัวซองต์",
  "Forecast": 17,
  "Optimal_Production": 19,
  "Adjustment": "+15.0%",
  "Reasoning": "Acc:23%, Waste:6.7%, Shelf:2d",
  "Shelf_Life_Days": 2,
  "Waste_Rate": 6.712544260416631
 },
 {
  "Branch": "14650: เขาหลัก Center",
  "Product_Code": 6200200,
  "Product": "คุกกี้เนย",
  "Forecast": 2,
  "Optimal_Production": 2,
  "Adjustment": "+10.0%",
  "Reasoning": "Acc:70%, Waste:5.4%, Shelf:2d",
  "Shelf_Life_Days": 2,
  "Waste_Rate": 5.352359786352531
 },
 {
  "Branch": "14650: เขาหลัก Center",
  "Product_Code": 6200130,
  "Product": "มัฟฟิน",
  "Forecast": 2,
  "Optimal_Production": 2,
  "Adjustment": "+15.0%",
  "Reasoning": "Acc:40%, Waste:4.4%, Shelf:2d",
  "Shelf_Life_Days": 2,
  "Waste_Rate": 4.395859273338682
 },
 {
  "Branch": "14650: เขาหลัก Center",
  "Product_Code": 6200201,
  "Product": "เค้กไข่ไต้หวัน",
  "Forecast": 3,
  "Optimal_Production": 3,
  "Adjustment": "+10.0%",
  "Reasoning": "Acc:55%, Waste:9.2%, Shelf:2d",
  "Shelf_Life_Days": 2,
  "Waste_Rate": 9.190930576328405
 },
 {
  "Branch": "14650: เขาหลัก Center",
  "Product_Code": 6200113,
  "Product": "ขนมปังปอนด์",
  "Forecast": 5,
  "Optimal_Production": 5,
  "Adjustment": "+15.0%",
  "Reasoning": "Acc:49%, Waste:7.3%, Shelf:2d",
  "Shelf_Life_Days": 2,
  "Waste_Rate": 7.272476526277083
 },
 {
  "Branch": "9146: หมู่บ้านพนาสนธิ์",
  "Product_Code": 6200451,
  "Product": "ครัวซองต์",
  "Forecast": 9,
  "Optimal_Production": 9,
  "Adjustment": "+10.0%",
  "Reasoning": "Acc:67%, Waste:6.7%, Shelf:2d",
  "Shelf_Life_Days": 2,
  "Waste_Rate": 6.712544260416631
 },
 {
  "Branch": "9146: หมู่บ้านพนาสนธิ์",
  "Product_Code": 6200200,
  "Product": "คุกกี้เนย",
  "Forecast": 2,
  "Optimal_Production": 2,
  "Adjustment": "+10.0%",
  "Reasoning": "Acc:67%, Waste:5.4%, Shelf:2d",
  "Shelf_Life_Days": 2,
  "Waste_Rate": 5.352359786352531
 },
 {
  "Branch": "9146: หมู่บ้านพนาสนธิ์",
  "Product_Code": 6200130,
  "Product": "มัฟฟิน",
  "Forecast": 7,
  "Optimal_Production": 7,
  "Adjustment": "+5.0%",
  "Reasoning": "Acc:81%, Waste:4.4%, Shelf:2d",
  "Shelf_Life_Days": 2,
  "Waste_Rate": 4.395859273338682
 },
 {
  "Branch": "9146: หมู่บ้านพนาสนธิ์",
  "Product_Code": 6200201,
  "Product": "เค้กไข่ไต้หวัน",
  "Forecast": 3,
  "Optimal_Production": 3,
  "Adjustment": "+10.0%",
  "Reasoning": "Acc:58%, Waste:9.2%, Shelf:2d",
  "Shelf_Life_Days": 2,
  "Waste_Rate": 9.190930576328405
 },
 {
  "Branch": "9146: หมู่บ้านพนาสนธิ์",
  "Product_Code": 6200113,
  "Product": "ขนมปังปอนด์",
  "Forecast": 8,
  "Optimal_Production": 8,
  "Adjustment": "+10.0%",
  "Reasoning": "Acc:67%, Waste:7.3%, Shelf:2d",
  "Shelf_Life_Days": 2,
  "Waste_Rate": 7.272476526277083
 },
 {
  "Branch": "6841: บ้านอ่าวนาง 2",
  "Product_Code": 6200451,
  "Product": "ครัวซองต์",
  "Forecast": 5,
  "Optimal_Production": 5,
  "Adjustment": "+15.0%",
  "Reasoning": "Acc:45%, Waste:6.7%, Shelf:2d",
  "Shelf_Life_Days": 2,
  "Waste_Rate": 6.712544260416631
 },
 {
  "Branch": "6841: บ้านอ่าวนาง 2",
  "Product_Code": 6200200,
  "Product": "คุกกี้เนย",
  "Forecast": 2,
  "Optimal_Production": 2,
  "Adjustment": "+10.0%",
  "Reasoning": "Acc:54%, Waste:5.4%, Shelf:2d",
  "Shelf_Life_Days": 2,
  "Waste_Rate": 5.352359786352531
 },
 {
  "Branch": "6841: บ้านอ่าวนาง 2",
  "Product_Code": 6200130,
  "Product": "มัฟฟิน",
  "Forecast": 3,
  "Optimal_Production": 3,
  "Adjustment": "+15.0%",
  "Reasoning": "Acc:46%, Waste:4.4%, Shelf:2d",
  "Shelf_Life_Days": 2,
  "Waste_Rate": 4.395859273338682
 },
 {
  "Branch": "6841: บ้านอ่าวนาง 2",
  "Product_Code": 6200201,
  "Product": "เค้กไข่ไต้หวัน",
  "Forecast": 1,
  "Optimal_Production": 1,
  "Adjustment": "+10.0%",
  "Reasoning": "Acc:59%, Waste:9.2%, Shelf:2d",
  "Shelf_Life_Days": 2,
  "Waste_Rate": 9.190930576328405
 },
 {
  "Branch": "6841: บ้านอ่าวนาง 2",
  "Product_Code": 6200113,
  "Product": "ขนมปังปอนด์",
  "Forecast": 3,
  "Optimal_Production": 3,
  "Adjustment": "+10.0%",
  "Reasoning": "Acc:59%, Waste:7.3%, Shelf:2d",
  "Shelf_Life_Days": 2,
  "Waste_Rate": 7.272476526277083
 }
]